{
  "kind": "collectionType",
  "collectionName": "direktorats",
  "info": {
    "singularName": "direktorat",
    "pluralName": "direktorats",
    "displayName": "direktorat"
  },
  "options": {
    "draftAndPublish": true
  },
  "pluginOptions": {},
  "attributes": {
    "nama_direktorat": {
      "type": "string"
    },
    "pegawais": {
      "type": "relation",
      "relation": "oneToMany",
      "target": "api::pegawai.pegawai",
      "mappedBy": "direktorat"
    },
    "jabatans": {
      "type": "relation",
      "relation": "oneToMany",
      "target": "api::jabatan.jabatan",
      "mappedBy": "direktorat"
    },
    "divisis": {
      "type": "relation",
      "relation": "oneToMany",
      "target": "api::divisi.divisi",
      "mappedBy": "direktorat"
    }
  }
}
