{
  "kind": "collectionType",
  "collectionName": "jabatans",
  "info": {
    "singularName": "jabatan",
    "pluralName": "jabatans",
    "displayName": "jabatan"
  },
  "options": {
    "draftAndPublish": true
  },
  "pluginOptions": {},
  "attributes": {
    "nama_jabatan": {
      "type": "string"
    },
    "pegawais": {
      "type": "relation",
      "relation": "oneToMany",
      "target": "api::pegawai.pegawai",
      "mappedBy": "jabatan"
    },
    "direktorat": {
      "type": "relation",
      "relation": "manyToOne",
      "target": "api::direktorat.direktorat",
      "inversedBy": "jabatans"
    },
    "units": {
      "type": "relation",
      "relation": "manyToMany",
      "target": "api::unit.unit",
      "inversedBy": "jabatans"
    },
    "jenjangs": {
      "type": "relation",
      "relation": "manyToMany",
      "target": "api::jenjang.jenjang",
      "inversedBy": "jabatans"
    }
  }
}
