{
  "kind": "collectionType",
  "collectionName": "jenjangs",
  "info": {
    "singularName": "jenjang",
    "pluralName": "jenjangs",
    "displayName": "jenjang"
  },
  "options": {
    "draftAndPublish": true
  },
  "pluginOptions": {},
  "attributes": {
    "nama_jenjang": {
      "type": "string"
    },
    "pegawais": {
      "type": "relation",
      "relation": "oneToMany",
      "target": "api::pegawai.pegawai",
      "mappedBy": "jenjang"
    },
    "grades": {
      "type": "relation",
      "relation": "manyToMany",
      "target": "api::grade.grade",
      "inversedBy": "jenjangs"
    },
    "jabatans": {
      "type": "relation",
      "relation": "manyToMany",
      "target": "api::jabatan.jabatan",
      "inversedBy": "jenjangs"
    }
  }
}
