{
  "kind": "collectionType",
  "collectionName": "grades",
  "info": {
    "singularName": "grade",
    "pluralName": "grades",
    "displayName": "grade"
  },
  "options": {
    "draftAndPublish": true
  },
  "pluginOptions": {},
  "attributes": {
    "nama_grade": {
      "type": "string"
    },
    "pegawais": {
      "type": "relation",
      "relation": "oneToMany",
      "target": "api::pegawai.pegawai",
      "mappedBy": "grade"
    },
    "jenjangs": {
      "type": "relation",
      "relation": "manyToMany",
      "target": "api::jenjang.jenjang",
      "inversedBy": "grades"
    }
  }
}
