{
  "kind": "collectionType",
  "collectionName": "divisis",
  "info": {
    "singularName": "divisi",
    "pluralName": "divisis",
    "displayName": "divisi"
  },
  "options": {
    "draftAndPublish": true
  },
  "pluginOptions": {},
  "attributes": {
    "nama_divisi": {
      "type": "string"
    },
    "pegawais": {
      "type": "relation",
      "relation": "oneToMany",
      "target": "api::pegawai.pegawai",
      "mappedBy": "divisi"
    },
    "direktorat": {
      "type": "relation",
      "relation": "manyToOne",
      "target": "api::direktorat.direktorat",
      "inversedBy": "divisis"
    },
    "bidang": {
      "type": "relation",
      "relation": "oneToOne",
      "target": "api::bidang.bidang",
      "inversedBy": "divisi"
    }
  }
}
